Revision ID,Page ID,Timestamp,Is Minor,Revision Size (Bytes),Revision Size (Words)
2551,197,2024-04-30 19:30:19,True,6,0
2548,197,2024-04-26 23:49:56,True,-306,-53
2532,197,2024-04-21 21:00:15,False,5,2
2083,197,2024-01-02 16:56:51,True,3,0
1611,197,2023-11-03 21:23:05,True,4,0
1610,197,2023-11-03 21:20:49,True,542,94
1464,197,2023-09-06 12:52:52,False,-4,0
1402,197,2023-08-26 21:47:21,True,20,0
1292,197,2023-08-18 20:46:19,True,43,0
1170,197,2023-08-10 00:08:03,True,-65,-13
1169,197,2023-08-09 23:56:47,True,-16,-3
1148,197,2023-08-07 21:09:56,True,-1,0
1147,197,2023-08-07 19:05:23,True,1,0
1108,197,2023-07-22 02:52:17,True,-1,0
1107,197,2023-07-22 02:50:35,True,-1,0
1106,197,2023-07-22 02:50:07,True,33,0
1105,197,2023-07-22 02:49:33,True,-31,-18
1021,197,2023-06-16 01:40:14,True,-1,0
1001,197,2023-06-01 23:45:14,True,136,18
990,197,2023-06-01 11:47:14,True,20,0
829,197,2023-05-16 22:13:02,True,-18,0
808,197,2023-05-16 01:57:33,True,71,0
805,197,2023-05-16 01:44:52,True,4,0
767,197,2023-05-15 22:54:20,True,-38,-5
705,197,2023-05-15 22:30:59,True,73,2
694,197,2023-05-15 21:24:15,True,18,0
692,197,2023-05-15 21:18:33,True,30,0
691,197,2023-05-15 21:16:49,False,-30,0
689,197,2023-05-15 21:12:19,False,30,0
680,197,2023-05-15 20:53:27,False,15,0
663,197,2023-05-15 20:20:49,False,861,66
659,197,2023-05-15 20:16:45,False,28829,4447
2156,200,2024-01-09 21:01:35,False,666,76
1893,200,2023-12-22 23:08:03,True,0,0
1521,200,2023-09-18 17:33:49,True,521,81
1307,200,2023-08-18 21:23:45,True,41,0
1217,200,2023-08-14 23:12:45,True,513,84
1110,200,2023-07-24 02:01:10,True,235,45
1109,200,2023-07-24 01:59:06,True,19,3
1091,200,2023-07-22 02:31:31,True,33,0
1086,200,2023-07-19 20:57:19,False,1185,154
1075,200,2023-07-10 02:48:11,True,26,0
975,200,2023-05-29 21:11:20,True,218,10
908,200,2023-05-18 23:39:01,False,115,32
845,200,2023-05-16 23:32:25,True,-36,-3
678,200,2023-05-15 20:53:03,False,10,0
675,200,2023-05-15 20:43:37,False,9701,1535
1892,201,2023-12-22 23:07:10,True,1,0
1308,201,2023-08-18 21:23:59,True,41,0
1218,201,2023-08-14 23:16:52,True,-218,-53
1092,201,2023-07-22 02:31:58,True,33,0
1077,201,2023-07-10 02:49:45,True,25,0
918,201,2023-05-19 15:58:52,True,-1,0
917,201,2023-05-19 15:57:55,True,6,-1
912,201,2023-05-19 00:19:17,True,-1,1
911,201,2023-05-19 00:12:47,False,213,10
846,201,2023-05-16 23:32:46,True,-22,-3
681,201,2023-05-15 20:56:16,False,2,-1
679,201,2023-05-15 20:53:15,False,-46,2
677,201,2023-05-15 20:50:33,False,5106,823
3382,205,2025-05-09 21:53:48,True,-2,0
2602,205,2024-05-30 11:23:41,True,283,44
2601,205,2024-05-30 10:58:33,True,26,7
2579,205,2024-05-22 21:44:45,True,-40,-3
2462,205,2024-03-28 22:27:50,True,936,156
2441,205,2024-03-10 00:08:22,True,95,4
2437,205,2024-03-05 00:09:49,True,159,23
1409,205,2023-08-27 13:35:02,True,-241,-35
1408,205,2023-08-27 13:33:01,True,171,27
1309,205,2023-08-18 21:24:11,True,43,0
930,205,2023-05-22 21:21:03,False,236,32
913,205,2023-05-19 00:42:33,False,939,184
807,205,2023-05-16 01:54:25,True,5,0
793,205,2023-05-15 23:17:09,False,1238,164
790,205,2023-05-15 23:04:40,True,-12,0
789,205,2023-05-15 23:03:23,True,-76,0
788,205,2023-05-15 23:00:57,False,98,18
787,205,2023-05-15 22:58:25,True,-22,-2
698,205,2023-05-15 22:00:04,False,9537,1408
3383,206,2025-05-09 21:55:38,True,38,5
2565,206,2024-05-10 12:45:39,True,-8,0
2461,206,2024-03-28 22:27:45,True,-147,-8
2097,206,2024-01-04 23:20:27,True,-209,-30
2096,206,2024-01-04 23:18:46,True,-355,-60
1306,206,2023-08-18 21:23:31,True,43,0
973,206,2023-05-29 13:43:24,True,101,0
914,206,2023-05-19 00:43:35,True,-252,-23
792,206,2023-05-15 23:07:18,True,-170,-30
791,206,2023-05-15 23:06:31,True,-30,-2
786,206,2023-05-15 22:58:02,True,-18,-2
701,206,2023-05-15 22:23:40,True,0,0
700,206,2023-05-15 22:08:40,True,3,0
699,206,2023-05-15 22:06:19,False,13995,2159
3381,207,2025-05-09 21:53:19,True,-9,0
3380,207,2025-05-09 21:52:34,True,65,1
3280,207,2025-04-13 00:18:09,True,-72,-10
3279,207,2025-04-13 00:17:01,True,178,30
3063,207,2024-09-25 15:54:38,True,-40,-7
3028,207,2024-09-04 22:44:11,True,144,21
3027,207,2024-09-04 22:25:18,True,18,2
3026,207,2024-09-04 19:34:45,True,48,1
2455,207,2024-03-26 22:17:50,True,-7,-2
2444,207,2024-03-10 16:31:49,True,4,0
2289,207,2024-01-28 23:53:00,True,-7,-1
2262,207,2024-01-23 01:24:24,False,-526,-91
2196,207,2024-01-19 23:54:42,True,274,42
1575,207,2023-10-04 01:24:33,True,-9,-2
1574,207,2023-10-04 01:24:02,True,564,96
1385,207,2023-08-23 22:43:54,True,-8,-1
1301,207,2023-08-18 21:01:20,True,43,0
1279,207,2023-08-17 21:52:48,True,-15,-2
1216,207,2023-08-14 23:06:31,True,162,23
1213,207,2023-08-14 15:47:07,True,131,11
1201,207,2023-08-13 20:44:28,True,104,4
1200,207,2023-08-13 20:39:52,True,1026,-4
1134,207,2023-08-06 00:53:07,True,219,13
795,207,2023-05-16 00:15:29,False,292,27
794,207,2023-05-15 23:17:45,True,45,0
785,207,2023-05-15 22:57:46,True,-39,-3
706,207,2023-05-15 22:33:49,True,90,5
704,207,2023-05-15 22:29:58,False,8123,1203
3400,208,2025-05-21 22:46:51,True,-37,-4
3214,208,2025-02-11 22:05:41,True,233,38
3207,208,2025-01-28 22:52:01,True,60,10
3008,208,2024-08-29 20:14:34,True,155,27
2860,208,2024-07-03 20:15:44,True,103,18
2824,208,2024-06-25 09:21:35,True,-59,-10
2623,208,2024-06-21 22:26:31,True,1,0
2504,208,2024-04-08 11:37:49,True,82,15
2453,208,2024-03-23 23:56:52,True,324,53
2408,208,2024-02-18 17:42:01,True,277,42
2286,208,2024-01-28 23:49:20,True,58,13
1844,208,2023-12-03 02:13:32,True,214,27
1843,208,2023-12-03 02:08:58,True,202,36
1764,208,2023-11-19 10:50:21,True,1,0
1555,208,2023-09-29 23:04:45,True,1079,220
1554,208,2023-09-29 22:44:27,True,312,39
1553,208,2023-09-29 22:14:28,True,250,37
1295,208,2023-08-18 20:50:24,True,43,0
1203,208,2023-08-13 20:48:07,True,102,13
1202,208,2023-08-13 20:44:59,True,-6,0
1167,208,2023-08-09 23:34:57,True,12,0
1166,208,2023-08-09 23:34:21,True,5,-15
1165,208,2023-08-09 23:29:04,True,328,19
1159,208,2023-08-09 02:30:02,True,-20,-1
1131,208,2023-08-05 23:28:57,False,0,0
1100,208,2023-07-22 02:41:59,True,8,-4
1013,208,2023-06-13 15:27:02,True,105,11
1012,208,2023-06-09 23:58:40,True,-1,0
1011,208,2023-06-09 23:58:04,True,161,21
806,208,2023-05-16 01:47:14,True,-1,0
784,208,2023-05-15 22:57:03,True,13,1
772,208,2023-05-15 22:54:46,True,-49,-5
757,208,2023-05-15 22:53:01,False,9543,1423
3284,210,2025-04-15 22:21:55,True,113,13
3231,210,2025-03-10 21:44:04,False,-415,-66
2587,210,2024-05-23 23:30:29,True,175,28
1975,210,2023-12-27 12:11:29,True,-9,-1
1906,210,2023-12-24 17:23:44,True,216,30
1904,210,2023-12-24 17:13:08,False,-881,-130
1463,210,2023-09-06 12:52:21,True,-4,0
1311,210,2023-08-18 21:25:03,True,43,0
1102,210,2023-07-22 02:45:38,True,33,0
989,210,2023-05-31 21:52:41,False,20,1
834,210,2023-05-16 23:05:38,False,292,27
823,210,2023-05-16 12:04:07,True,-11,-22
804,210,2023-05-16 01:43:43,True,15,0
803,210,2023-05-16 01:43:22,True,65,0
802,210,2023-05-16 01:41:48,False,12942,1979
3195,220,2025-01-02 22:20:04,True,141,24
2985,220,2024-08-14 18:00:15,True,-19,-2
2906,220,2024-07-21 20:47:11,True,-22,-2
2533,220,2024-04-21 21:04:34,True,-1,1
2082,220,2024-01-02 14:34:10,True,21,0
1867,220,2023-12-20 23:30:06,True,167,25
1866,220,2023-12-20 23:28:45,True,216,29
1602,220,2023-10-30 19:30:04,True,4,1
1556,220,2023-09-30 21:09:20,True,398,53
1302,220,2023-08-18 21:02:11,False,43,0
1149,220,2023-08-07 21:53:26,True,-20,-12
1119,220,2023-07-30 02:37:14,True,10,0
1096,220,2023-07-22 02:36:13,False,32,0
1073,220,2023-07-09 01:13:15,True,14,1
1054,220,2023-06-27 23:50:37,True,33,5
1052,220,2023-06-25 02:40:58,True,-4,0
1051,220,2023-06-25 02:40:21,False,1091,173
983,220,2023-05-29 23:23:05,True,37,3
976,220,2023-05-29 21:19:45,True,0,0
927,220,2023-05-22 01:25:15,True,174,34
905,220,2023-05-18 23:14:21,True,0,0
842,220,2023-05-16 23:19:25,False,4504,700
3077,229,2024-10-09 19:51:21,True,57,6
2976,229,2024-08-09 20:18:03,True,165,2
2556,229,2024-05-07 20:14:52,True,60,6
2495,229,2024-04-07 00:50:02,True,-2,0
2353,229,2024-02-05 22:44:14,True,103,16
1878,229,2023-12-21 14:47:53,True,18,4
1873,229,2023-12-21 13:10:04,True,-271,-49
1872,229,2023-12-21 13:04:25,True,3,0
1871,229,2023-12-21 13:03:41,True,452,56
1707,229,2023-11-14 11:51:11,True,-164,-28
1705,229,2023-11-14 10:18:42,True,-2,0
1592,229,2023-10-17 22:21:01,True,59,10
1537,229,2023-09-22 09:46:47,True,10,1
1536,229,2023-09-22 09:45:30,True,140,24
1425,229,2023-09-03 00:05:21,True,464,71
1299,229,2023-08-18 20:58:39,True,501,66
1298,229,2023-08-18 20:52:10,True,64,0
1235,229,2023-08-15 19:47:44,True,-24,-5
1199,229,2023-08-13 20:38:13,True,53,0
1197,229,2023-08-13 20:28:36,True,-1,0
1196,229,2023-08-13 20:28:01,False,464,18
1104,229,2023-07-22 02:47:12,True,52,-1
1037,229,2023-06-20 13:44:56,True,206,30
971,229,2023-05-29 13:33:02,True,114,0
957,229,2023-05-27 14:14:37,True,4,1
956,229,2023-05-27 13:41:47,True,518,65
954,229,2023-05-27 13:21:25,True,15,0
936,229,2023-05-24 19:43:24,True,-5,-1
922,229,2023-05-20 23:49:25,True,122,1
907,229,2023-05-18 23:16:15,True,-1,0
904,229,2023-05-18 22:21:03,True,43,0
903,229,2023-05-18 21:39:25,True,-1,0
902,229,2023-05-18 21:39:00,False,410,42
901,229,2023-05-18 21:27:31,False,952,130
900,229,2023-05-18 21:01:35,True,45,7
898,229,2023-05-18 20:47:15,True,230,1
894,229,2023-05-18 20:17:07,False,1203,47
883,229,2023-05-17 22:52:11,False,3658,553
3165,236,2024-12-08 22:20:50,False,737,96
3157,236,2024-12-07 00:05:49,True,288,51
3156,236,2024-12-06 23:51:22,True,174,33
3014,236,2024-08-30 22:49:48,False,943,158
3013,236,2024-08-29 22:20:54,True,536,84
3012,236,2024-08-29 21:47:05,True,3,-23
3011,236,2024-08-29 21:46:41,False,234,84
2580,236,2024-05-22 21:44:54,True,-18,0
2578,236,2024-05-22 21:43:14,True,215,17
2510,236,2024-04-10 01:12:22,True,-23,-10
2443,236,2024-03-10 00:09:41,True,8,0
2442,236,2024-03-10 00:08:53,True,-5,0
1918,236,2023-12-25 21:38:20,True,-18,-2
1800,236,2023-11-22 00:51:29,True,40,0
1794,236,2023-11-22 00:21:05,True,1,0
1594,236,2023-10-22 21:46:09,True,71,13
1508,236,2023-09-15 21:27:51,True,-1,0
1507,236,2023-09-15 21:00:58,True,0,0
1406,236,2023-08-27 02:01:23,True,-11,-1
1405,236,2023-08-27 01:53:47,True,-34,-5
1392,236,2023-08-24 01:14:27,True,89,36
1316,236,2023-08-18 23:06:56,True,29,7
1313,236,2023-08-18 21:46:13,True,589,67
1192,236,2023-08-11 23:44:57,False,-28,-5
1144,236,2023-08-07 02:47:54,False,294,57
1143,236,2023-08-07 02:04:57,True,104,18
1138,236,2023-08-06 01:50:40,True,-184,2
1137,236,2023-08-06 01:12:00,True,266,0
1136,236,2023-08-06 01:09:47,True,267,41
1135,236,2023-08-06 01:05:52,True,1264,167
1099,236,2023-07-22 02:38:26,True,33,0
1065,236,2023-07-05 23:12:03,True,171,25
1064,236,2023-07-05 23:03:17,True,4,1
1035,236,2023-06-20 01:25:41,True,-1,0
1026,236,2023-06-16 22:54:18,True,235,19
920,236,2023-05-19 23:55:51,True,12,0
919,236,2023-05-19 23:37:07,False,23718,3996
3069,242,2024-09-28 21:54:45,True,5,1
3066,242,2024-09-28 10:01:05,True,0,0
3065,242,2024-09-28 10:00:21,False,333,47
3059,242,2024-09-20 15:56:13,True,-136,-17
3050,242,2024-09-18 19:49:39,True,2,0
3039,242,2024-09-18 13:03:39,True,88,14
3037,242,2024-09-18 10:46:59,True,-104,-21
2606,242,2024-06-08 22:38:25,True,-17,-1
2479,242,2024-03-31 22:33:19,True,11,3
2054,242,2023-12-31 00:05:58,True,173,28
1601,242,2023-10-25 13:21:11,True,-89,-12
1600,242,2023-10-25 11:42:45,True,411,26
1547,242,2023-09-28 15:32:04,True,112,19
1358,242,2023-08-20 22:34:10,True,10,0
1305,242,2023-08-18 21:04:55,True,43,0
1234,242,2023-08-15 19:39:19,True,15,2
1233,242,2023-08-15 19:35:10,True,292,18
1140,242,2023-08-06 03:09:17,True,296,48
1103,242,2023-07-22 02:45:59,True,33,0
1063,242,2023-07-04 23:55:43,True,0,0
1062,242,2023-07-04 23:49:55,True,-71,0
988,242,2023-05-31 15:29:32,True,91,14
987,242,2023-05-31 15:24:53,True,-26,-6
959,242,2023-05-27 20:19:46,False,1777,261
958,242,2023-05-27 14:15:37,True,8,2
955,242,2023-05-27 13:23:39,True,171,0
953,242,2023-05-27 13:19:47,True,-156,0
951,242,2023-05-26 01:00:11,True,9,1
950,242,2023-05-25 21:18:06,True,129,18
942,242,2023-05-25 01:06:06,False,2579,400
941,242,2023-05-24 23:17:31,False,740,124
940,242,2023-05-24 21:50:46,False,640,83
939,242,2023-05-24 20:45:17,False,1901,313
938,242,2023-05-24 19:46:00,True,-70,0
937,242,2023-05-24 19:44:58,False,2484,197
2986,251,2024-08-15 23:27:10,True,222,40
2568,251,2024-05-11 21:30:00,True,255,40
2195,251,2024-01-19 23:40:35,True,59,11
2046,251,2023-12-30 02:20:38,False,1,0
1578,251,2023-10-08 16:20:01,True,241,38
1565,251,2023-10-01 22:51:36,True,251,34
1564,251,2023-10-01 22:35:53,False,825,142
1426,251,2023-09-03 01:04:38,True,-258,-20
1304,251,2023-08-18 21:04:17,True,-20,0
1303,251,2023-08-18 21:03:29,True,72,0
1186,251,2023-08-11 15:07:06,True,-578,-111
1185,251,2023-08-11 03:04:58,True,187,27
1184,251,2023-08-11 02:58:15,True,100,7
1183,251,2023-08-11 02:56:38,True,90,9
1098,251,2023-07-22 02:38:04,True,66,0
1072,251,2023-07-09 01:12:29,True,1,3
1053,251,2023-06-25 02:47:25,True,197,30
1025,251,2023-06-16 22:52:38,True,-11,-2
1004,251,2023-06-05 22:02:56,False,5843,916
1002,251,2023-06-02 01:55:00,False,7981,1180
1618,252,2023-11-05 17:56:06,False,-917,-149
1617,252,2023-11-05 17:52:31,True,-10,0
1427,252,2023-09-03 14:32:06,True,744,99
1310,252,2023-08-18 21:24:51,True,43,0
1101,252,2023-07-22 02:45:06,True,174,28
1008,252,2023-06-07 23:32:20,True,-15,-2
1007,252,2023-06-07 23:31:38,True,-1,0
1006,252,2023-06-07 23:31:06,True,357,52
1005,252,2023-06-07 21:21:22,False,4608,717
3397,254,2025-05-18 21:45:30,True,-77,-10
3212,254,2025-02-02 01:33:05,True,67,5
3194,254,2024-12-31 23:42:09,True,-6,-2
2908,254,2024-07-26 00:55:19,True,1,1
2887,254,2024-07-12 00:17:01,False,1187,173
2633,254,2024-06-23 22:12:32,True,-10,-3
2628,254,2024-06-22 23:45:43,True,-81,-6
2627,254,2024-06-22 23:23:40,True,219,30
2526,254,2024-04-12 22:26:35,True,2,-1
2432,254,2024-02-24 12:56:22,True,34,4
2431,254,2024-02-24 12:51:08,True,0,0
2310,254,2024-02-01 01:52:05,True,0,0
2308,254,2024-02-01 01:25:49,True,91,6
2307,254,2024-02-01 01:14:31,True,62,6
2299,254,2024-02-01 00:25:57,True,-243,-13
2273,254,2024-01-26 21:44:46,True,119,0
2272,254,2024-01-25 22:38:24,False,1208,179
2271,254,2024-01-25 22:22:42,False,-1341,-180
1874,254,2023-12-21 14:29:27,True,346,10
1865,254,2023-12-20 22:19:47,True,18,2
1822,254,2023-11-25 22:03:22,True,1,0
1681,254,2023-11-08 19:42:49,True,-111,-14
1598,254,2023-10-23 09:38:43,True,12,0
1551,254,2023-09-28 23:20:45,True,67,7
1542,254,2023-09-24 16:07:32,True,3,1
1538,254,2023-09-23 00:07:25,True,1719,255
1516,254,2023-09-16 21:50:26,True,-4,-2
1511,254,2023-09-16 11:48:27,True,0,0
1510,254,2023-09-15 22:07:34,True,14,2
1509,254,2023-09-15 22:04:25,True,1248,190
1484,254,2023-09-10 22:51:52,True,836,134
1482,254,2023-09-10 22:18:49,False,2275,111
1481,254,2023-09-10 21:43:57,True,73,36
1381,254,2023-08-21 23:55:55,True,988,134
1297,254,2023-08-18 20:51:26,True,1,0
1296,254,2023-08-18 20:51:03,True,-220,-21
1164,254,2023-08-09 22:21:57,False,486,71
1163,254,2023-08-09 22:15:51,False,1650,265
1160,254,2023-08-09 21:56:03,True,-2,0
1152,254,2023-08-08 00:54:20,True,5,1
1123,254,2023-08-02 02:42:17,True,2,0
1122,254,2023-08-02 02:41:38,True,217,19
1118,254,2023-07-30 02:36:41,True,26,0
1115,254,2023-07-26 17:01:18,True,523,77
1114,254,2023-07-26 00:07:08,True,113,15
1111,254,2023-07-24 02:25:58,True,1227,207
1090,254,2023-07-22 02:30:29,True,165,0
1087,254,2023-07-19 21:19:49,False,1139,178
1082,254,2023-07-13 00:20:58,True,-10,0
1081,254,2023-07-12 22:53:37,True,0,0
1080,254,2023-07-12 22:53:07,False,1634,245
1067,254,2023-07-09 00:10:59,True,-1,0
1066,254,2023-07-09 00:10:27,True,490,72
1056,254,2023-06-29 20:31:09,True,1003,145
1055,254,2023-06-29 02:32:49,True,515,94
1041,254,2023-06-21 16:19:15,True,5,1
1027,254,2023-06-16 22:54:22,True,216,20
1024,254,2023-06-16 22:36:39,True,871,127
1022,254,2023-06-16 01:40:30,True,45,3
1020,254,2023-06-16 01:23:53,True,12,0
1019,254,2023-06-16 01:23:12,False,2902,397
1018,254,2023-06-15 00:11:39,True,-43,-5
1017,254,2023-06-13 23:52:34,True,1602,54
1015,254,2023-06-13 23:29:32,False,3188,381
3142,256,2024-11-22 23:53:44,False,1765,278
3141,256,2024-11-22 22:52:20,True,-10,-3
3064,256,2024-09-25 18:31:46,True,0,0
2483,256,2024-04-03 23:19:40,True,3,0
2413,256,2024-02-18 20:55:28,True,41,0
2412,256,2024-02-18 20:28:40,True,-215,-46
1457,256,2023-09-05 21:03:01,True,131,25
1254,256,2023-08-16 00:21:41,True,216,13
1095,256,2023-07-22 02:34:06,True,33,0
1084,256,2023-07-17 00:55:26,False,832,110
1071,256,2023-07-09 01:04:20,True,57,0
1070,256,2023-07-09 00:57:50,True,1,0
1069,256,2023-07-09 00:57:17,True,87,25
1068,256,2023-07-09 00:42:15,True,357,45
1061,256,2023-07-04 23:45:37,True,515,77
1050,256,2023-06-25 01:26:00,True,576,89
1049,256,2023-06-24 11:22:35,True,168,0
1047,256,2023-06-24 01:28:59,True,751,136
1043,256,2023-06-21 19:28:46,True,472,84
1042,256,2023-06-21 18:58:53,False,1644,318
1040,256,2023-06-21 01:13:25,False,1384,220
1039,256,2023-06-21 00:45:07,False,1645,258
1038,256,2023-06-21 00:20:57,True,1326,237
1036,256,2023-06-20 02:00:35,False,1496,208
2882,257,2024-07-11 00:24:43,False,255,45
1454,257,2023-09-04 23:05:54,True,0,0
1453,257,2023-09-04 23:05:35,True,78,1
1330,257,2023-08-19 01:32:09,True,-258,-19
1329,257,2023-08-19 01:31:10,True,51,0
1097,257,2023-07-22 02:37:16,False,33,0
1060,257,2023-07-04 22:52:04,True,214,32
1059,257,2023-07-02 00:08:14,True,226,20
1058,257,2023-07-02 00:06:56,True,127,17
1057,257,2023-06-30 02:12:58,False,7066,1162
2600,258,2024-05-28 22:43:00,True,-6,-2
1761,258,2023-11-18 21:33:00,True,27,6
1760,258,2023-11-18 21:20:17,True,1,0
1527,258,2023-09-20 00:26:14,True,380,75
1526,258,2023-09-19 23:48:43,False,3112,536
1312,258,2023-08-18 21:25:19,True,-222,-21
1232,258,2023-08-15 17:41:18,True,-3,0
1156,258,2023-08-09 01:48:58,True,290,19
1155,258,2023-08-08 20:50:02,True,515,83
1094,258,2023-07-22 02:33:01,True,-3,0
1093,258,2023-07-22 02:32:27,True,66,0
1085,258,2023-07-17 01:33:37,True,248,17
1079,258,2023-07-11 01:52:30,True,886,151
1074,258,2023-07-10 02:47:11,False,9295,1540
3274,260,2025-04-12 23:46:02,False,840,138
3185,260,2024-12-29 01:15:43,True,1,0
3137,260,2024-11-22 00:02:41,True,-54,-7
3133,260,2024-11-21 22:42:15,True,20,2
2973,260,2024-08-07 18:11:17,True,368,32
2560,260,2024-05-07 21:53:39,True,8,1
2410,260,2024-02-18 20:07:29,False,59,10
2288,260,2024-01-28 23:52:14,False,-53,-8
2287,260,2024-01-28 23:51:32,True,-105,-16
1798,260,2023-11-22 00:46:24,True,1,0
1607,260,2023-11-03 14:18:40,True,-6,-1
1603,260,2023-10-31 12:57:53,True,-11,-1
1561,260,2023-10-01 21:58:15,True,571,76
1560,260,2023-09-30 23:37:26,True,-3,0
1557,260,2023-09-30 21:13:11,True,93,13
1550,260,2023-09-28 23:18:33,True,-519,-79
1549,260,2023-09-28 23:13:45,True,-77,-13
1548,260,2023-09-28 23:11:27,True,505,73
1532,260,2023-09-20 13:35:16,True,148,26
1531,260,2023-09-20 13:06:43,True,2,0
1530,260,2023-09-20 13:03:50,True,16,2
1529,260,2023-09-20 12:56:26,True,-7,-1
1528,260,2023-09-20 12:56:05,True,187,34
1525,260,2023-09-18 19:00:27,True,1,0
1524,260,2023-09-18 19:00:04,True,1185,174
1523,260,2023-09-18 18:39:46,True,1326,203
1522,260,2023-09-18 18:03:50,True,15,2
1518,260,2023-09-16 22:46:45,True,1169,187
1517,260,2023-09-16 22:25:43,True,1197,174
1506,260,2023-09-15 19:51:21,True,92,15
1501,260,2023-09-14 23:48:37,True,556,89
1490,260,2023-09-12 22:56:13,True,-8,0
1489,260,2023-09-12 22:44:24,True,9,1
1438,260,2023-09-04 13:13:26,False,-2800,-387
1424,260,2023-09-01 21:18:13,True,1,0
1401,260,2023-08-26 21:12:29,True,69,3
1355,260,2023-08-20 20:33:49,False,25,0
1289,260,2023-08-18 20:37:08,True,43,0
1280,260,2023-08-17 21:54:13,False,93,13
1278,260,2023-08-17 21:47:53,False,291,39
1270,260,2023-08-17 12:24:52,True,-8,-1
1263,260,2023-08-17 00:58:32,True,316,55
1262,260,2023-08-17 00:55:32,True,-310,-24
1261,260,2023-08-17 00:54:30,True,-132,-39
1260,260,2023-08-17 00:50:02,True,1126,172
1259,260,2023-08-17 00:03:16,True,567,93
1255,260,2023-08-16 00:23:36,True,16,1
1231,260,2023-08-15 14:10:02,True,0,0
1230,260,2023-08-15 14:08:56,True,-310,-24
1221,260,2023-08-15 00:12:46,True,55,0
1220,260,2023-08-15 00:05:14,True,-40,-5
1219,260,2023-08-14 23:54:20,False,2174,267
1215,260,2023-08-14 17:32:42,True,40,7
1206,260,2023-08-14 00:21:45,True,25,0
1205,260,2023-08-14 00:04:15,True,0,1
1204,260,2023-08-14 00:03:25,False,1773,267
1198,260,2023-08-13 20:33:31,True,3002,227
1195,260,2023-08-13 19:35:34,False,943,114
1194,260,2023-08-13 18:18:48,False,84,-14
1193,260,2023-08-13 17:27:21,False,2126,311
1188,260,2023-08-11 16:16:33,True,84,10
1182,260,2023-08-11 02:48:57,True,152,19
1181,260,2023-08-11 02:46:42,False,1725,249
1179,260,2023-08-10 15:53:32,False,8,1
1178,260,2023-08-10 14:31:20,False,60,7
1177,260,2023-08-10 14:28:41,False,37,2
1173,260,2023-08-10 01:24:05,True,-6,-1
1172,260,2023-08-10 00:23:20,True,3,2
1171,260,2023-08-10 00:20:20,True,647,136
1168,260,2023-08-09 23:50:35,True,778,120
1162,260,2023-08-09 21:57:22,True,-6,0
1161,260,2023-08-09 21:56:07,False,3213,422
1157,260,2023-08-09 02:21:59,False,1150,181
1154,260,2023-08-08 00:57:07,True,312,24
1153,260,2023-08-08 00:56:33,False,1012,196
1139,260,2023-08-06 03:02:32,True,391,49
1133,260,2023-08-05 23:42:43,False,-2,0
1132,260,2023-08-05 23:31:30,False,-22,-2
1130,260,2023-08-04 00:59:58,True,500,60
1129,260,2023-08-02 22:18:09,True,426,58
1126,260,2023-08-02 02:44:04,True,1,1
1125,260,2023-08-02 02:43:24,True,0,0
1124,260,2023-08-02 02:43:05,True,456,60
1121,260,2023-08-02 02:36:05,True,815,138
1120,260,2023-08-02 02:24:48,False,5834,771
2561,266,2024-05-07 22:34:59,True,-1,0
2518,266,2024-04-11 18:51:38,True,43,0
2511,266,2024-04-10 13:44:51,True,104,12
2306,266,2024-02-01 01:06:00,True,-136,3
2302,266,2024-02-01 00:44:53,False,437,60
1825,266,2023-11-28 15:39:07,True,1,0
1612,266,2023-11-03 22:17:51,True,-30,-5
1519,266,2023-09-16 23:11:32,True,9,2
1403,266,2023-08-26 21:59:41,False,2340,420
1380,266,2023-08-21 23:43:07,False,2454,425
1359,266,2023-08-20 22:36:14,True,1696,137
1315,266,2023-08-18 22:52:18,True,43,0
1283,266,2023-08-18 11:01:39,True,47,8
1282,266,2023-08-18 10:26:31,False,2061,270
3399,269,2025-05-21 20:22:04,True,6,-6
3233,269,2025-03-13 22:54:33,True,25,4
3232,269,2025-03-13 22:53:35,True,21,1
2340,269,2024-02-03 21:18:09,True,-5,-1
1494,269,2023-09-14 00:43:04,True,12,3
1394,269,2023-08-24 01:50:08,True,16,3
1357,269,2023-08-20 20:46:29,True,-12,-3
1326,269,2023-08-19 00:17:41,True,172,0
1324,269,2023-08-18 23:53:14,True,257,0
1323,269,2023-08-18 23:42:42,False,0,0
1322,269,2023-08-18 23:41:19,True,37,3
1321,269,2023-08-18 23:38:55,True,81,11
1320,269,2023-08-18 23:37:18,True,0,0
1319,269,2023-08-18 23:36:29,False,1640,161
3136,270,2024-11-21 23:41:30,False,1170,161
3134,270,2024-11-21 22:56:52,True,-249,-29
3033,270,2024-09-06 23:40:19,True,-20,-5
3032,270,2024-09-06 23:38:24,True,88,0
3015,270,2024-08-30 22:58:52,True,-152,-24
2590,270,2024-05-23 23:55:26,True,165,26
2589,270,2024-05-23 23:49:58,True,22,2
2345,270,2024-02-04 00:48:54,True,-8,-1
2344,270,2024-02-04 00:42:58,True,14,0
2343,270,2024-02-04 00:39:30,True,9,3
1535,270,2023-09-20 16:41:15,True,-6,-1
1534,270,2023-09-20 16:15:11,True,22,2
1533,270,2023-09-20 16:10:04,True,42,0
1505,270,2023-09-15 19:49:56,True,-123,-20
1503,270,2023-09-14 23:57:30,True,133,22
1502,270,2023-09-14 23:54:16,True,577,104
1417,270,2023-08-29 12:23:52,True,-179,-33
1407,270,2023-08-27 02:09:52,True,599,96
1400,270,2023-08-24 22:17:44,True,658,111
1399,270,2023-08-24 21:47:23,True,273,33
1398,270,2023-08-24 21:13:47,True,183,25
1397,270,2023-08-24 01:58:29,True,103,3
1396,270,2023-08-24 01:56:03,True,310,12
1391,270,2023-08-24 00:55:49,True,4,0
1390,270,2023-08-24 00:54:53,True,906,103
1389,270,2023-08-24 00:29:35,True,733,80
1388,270,2023-08-24 00:08:26,False,832,118
1387,270,2023-08-23 23:51:41,True,871,87
1386,270,2023-08-23 22:54:31,True,832,133
1384,270,2023-08-23 01:52:51,True,2124,355
1383,270,2023-08-23 01:24:43,True,482,74
1382,270,2023-08-23 00:35:28,True,367,63
1360,270,2023-08-21 00:36:09,True,103,16
1356,270,2023-08-20 20:37:52,True,1607,243
1354,270,2023-08-20 20:01:57,False,1724,248
1353,270,2023-08-20 19:16:25,True,3216,416
1343,270,2023-08-20 00:31:53,True,5,1
1342,270,2023-08-20 00:30:51,True,563,97
1341,270,2023-08-20 00:26:24,False,634,80
1339,270,2023-08-19 23:55:46,True,2140,343
1335,270,2023-08-19 22:52:40,False,8801,1215
3401,273,2025-05-22 20:57:04,False,1264,186
3169,273,2024-12-12 23:08:09,True,-140,0
2974,273,2024-08-07 18:15:53,False,983,143
2972,273,2024-08-07 17:52:02,False,559,74
2963,273,2024-08-03 20:50:07,True,55,8
2509,273,2024-04-10 00:13:08,True,8,0
2298,273,2024-01-31 22:09:44,True,0,0
2297,273,2024-01-31 22:08:48,True,71,5
1605,273,2023-10-31 13:42:31,True,517,77
1604,273,2023-10-31 13:12:36,True,-1,0
1587,273,2023-10-14 22:15:36,True,-4,-1
1586,273,2023-10-14 22:14:13,True,55,8
1585,273,2023-10-14 22:06:24,True,487,48
1559,273,2023-09-30 22:31:12,True,-50,0
1558,273,2023-09-30 21:41:01,True,424,62
1478,273,2023-09-09 21:21:10,True,182,25
1470,273,2023-09-09 10:44:51,True,202,12
1469,273,2023-09-09 00:29:06,True,1277,184
1468,273,2023-09-08 22:54:25,True,1027,146
1467,273,2023-09-08 13:32:36,True,467,74
1466,273,2023-09-07 23:08:08,True,529,73
1460,273,2023-09-05 21:19:32,True,83,10
1441,273,2023-09-04 17:00:51,True,20,-4
1440,273,2023-09-04 17:00:12,True,976,150
1439,273,2023-09-04 14:16:05,False,1177,171
1437,273,2023-09-04 13:12:53,False,4152,539
2988,275,2024-08-20 00:17:19,True,63,3
2450,275,2024-03-16 12:32:07,True,148,-1
2314,275,2024-02-02 00:30:49,True,44,6
2313,275,2024-02-02 00:20:34,True,187,34
2157,275,2024-01-12 23:28:14,True,83,3
2041,275,2023-12-28 23:09:55,False,2707,448
1581,275,2023-10-09 16:27:00,True,193,35
1456,275,2023-09-05 16:18:59,True,-14,-2
1455,275,2023-09-05 16:11:45,True,18,2
1452,275,2023-09-04 22:56:09,False,2886,485
1451,275,2023-09-04 22:38:29,False,3059,534
1449,275,2023-09-04 22:07:47,False,5062,831
1479,278,2023-09-10 19:37:54,True,-12,-3
1476,278,2023-09-09 11:29:05,False,215,30
2585,279,2024-05-23 22:56:12,True,2434,383
2102,279,2024-01-07 01:37:54,True,757,119
1654,279,2023-11-06 23:38:24,False,711,105
1653,279,2023-11-06 23:30:04,True,466,70
1652,279,2023-11-06 23:22:43,False,2193,347
1623,279,2023-11-05 23:18:15,True,45,8
1619,279,2023-11-05 20:10:14,True,10,0
1590,279,2023-10-14 23:18:51,True,959,150
1552,279,2023-09-28 23:26:19,True,343,36
1520,279,2023-09-16 23:13:50,True,131,22
1500,279,2023-09-14 23:35:40,False,-1874,-267
1499,279,2023-09-14 23:21:28,True,1014,135
1498,279,2023-09-14 23:04:18,True,526,79
1493,279,2023-09-13 11:45:36,True,8,0
1491,279,2023-09-13 00:10:50,True,1894,298
1483,279,2023-09-10 22:40:05,False,1685,186
3398,282,2025-05-18 21:57:21,True,-38,-11
3277,282,2025-04-13 00:12:34,True,7,2
3206,282,2025-01-26 22:20:40,False,1028,147
3076,282,2024-10-09 18:45:34,True,0,0
2975,282,2024-08-08 00:34:44,True,5,0
2515,282,2024-04-11 14:09:55,False,784,107
2514,282,2024-04-10 15:01:41,False,1550,230
2513,282,2024-04-10 14:31:50,True,1327,193
2312,282,2024-02-01 22:57:18,False,2260,336
1846,282,2023-12-08 12:04:02,True,96,11
1655,282,2023-11-06 23:42:10,True,43,6
1651,282,2023-11-06 23:12:25,True,129,17
1620,282,2023-11-05 20:35:36,True,18,3
1606,282,2023-11-01 13:35:21,True,43,0
1584,282,2023-10-10 22:52:29,False,-709,-109
1583,282,2023-10-09 23:42:40,True,1184,174
1582,282,2023-10-09 23:26:12,True,803,128
1577,282,2023-10-06 23:02:32,True,745,116
1573,282,2023-10-04 01:07:03,True,221,33
1570,282,2023-10-02 01:40:21,True,143,23
1569,282,2023-10-02 01:34:57,True,212,37
1568,282,2023-10-02 00:42:40,True,1026,143
1567,282,2023-10-02 00:18:26,False,5645,770
3166,283,2024-12-08 23:51:46,True,338,61
2440,283,2024-03-09 23:43:12,True,72,12
1796,283,2023-11-22 00:37:39,True,1,0
1795,283,2023-11-22 00:27:12,True,16,0
1599,283,2023-10-23 14:19:37,True,113,21
1595,283,2023-10-22 22:19:57,False,8638,1380
3248,310,2025-03-22 21:44:17,True,260,41
2955,310,2024-07-28 19:31:48,True,-7,0
2554,310,2024-05-07 10:08:00,True,-34,0
2494,310,2024-04-06 16:24:42,True,49,0
2493,310,2024-04-06 16:23:41,True,-6,-2
2492,310,2024-04-06 16:22:16,True,8,2
2366,310,2024-02-08 22:18:04,True,1196,177
2354,310,2024-02-05 22:44:31,True,4,0
2352,310,2024-02-05 22:44:05,True,160,12
2127,310,2024-01-08 17:23:41,True,4,1
2126,310,2024-01-08 17:22:24,True,12,3
1802,310,2023-11-22 13:07:33,True,6,0
1706,310,2023-11-14 10:53:38,False,4539,344
3275,323,2025-04-12 23:48:08,True,-80,12
3268,323,2025-04-11 15:32:37,True,-257,-17
3173,323,2024-12-14 23:45:38,False,1675,266
3172,323,2024-12-14 23:15:18,True,648,99
3071,323,2024-10-04 22:31:32,True,215,17
2904,323,2024-07-20 01:33:24,True,197,36
2903,323,2024-07-20 01:32:17,True,259,39
2902,323,2024-07-20 01:23:43,True,9,1
2158,323,2024-01-12 23:30:03,True,14,1
2088,323,2024-01-03 20:33:10,True,526,95
1849,323,2023-12-12 14:03:00,True,0,0
1848,323,2023-12-12 14:01:46,True,-1,0
1847,323,2023-12-12 14:00:45,True,1,0
1845,323,2023-12-06 03:00:49,False,3461,549
1829,323,2023-11-30 00:26:07,True,400,63
1826,323,2023-11-29 01:23:16,False,1343,212
1801,323,2023-11-22 01:09:02,False,2699,419
1773,323,2023-11-21 00:03:41,True,1391,217
1772,323,2023-11-20 10:52:43,True,26,3
1771,323,2023-11-20 01:04:43,True,7,1
1770,323,2023-11-20 01:03:32,False,3648,602
1769,323,2023-11-19 22:28:50,False,2428,400
1768,323,2023-11-19 21:06:15,True,-247,-36
1766,323,2023-11-19 21:03:15,True,0,0
1763,323,2023-11-19 00:23:22,False,1858,252
2889,327,2024-07-12 23:48:41,True,9,0
1791,327,2023-11-21 23:07:54,True,82,4
1790,327,2023-11-21 23:06:54,True,2,-5
1789,327,2023-11-21 23:06:27,False,223,28
3034,329,2024-09-06 23:41:21,True,9,2
2588,329,2024-05-23 23:47:09,True,-4,3
2399,329,2024-02-16 23:49:27,True,171,2
1797,329,2023-11-22 00:46:13,False,7406,1161
2301,330,2024-02-01 00:35:12,True,-1,1
1902,330,2023-12-24 16:12:03,True,311,43
1805,330,2023-11-22 14:15:24,True,6,0
1804,330,2023-11-22 14:14:58,True,3,-1
1803,330,2023-11-22 14:12:38,False,6065,890
2876,341,2024-07-06 13:15:53,True,-59,-9
1864,341,2023-12-19 14:31:32,True,990,140
1862,341,2023-12-15 14:41:22,True,0,0
1861,341,2023-12-15 14:40:50,False,4810,628
3219,342,2025-02-18 23:57:31,True,-36,-4
3218,342,2025-02-18 23:56:02,True,133,17
3170,342,2024-12-14 14:21:08,True,-5,-1
2607,342,2024-06-08 22:39:58,True,16,2
2597,342,2024-05-27 18:47:39,True,-3,0
2596,342,2024-05-27 18:46:21,True,-3,0
2525,342,2024-04-12 22:22:32,True,22,0
2371,342,2024-02-10 00:08:58,True,-1,1
2128,342,2024-01-08 17:23:58,True,268,39
2106,342,2024-01-07 22:53:49,True,34,5
2077,342,2024-01-02 12:28:12,True,26,5
2045,342,2023-12-30 00:26:37,True,-187,-6
2044,342,2023-12-29 22:58:39,True,6,1
1901,342,2023-12-24 15:56:52,True,276,44
1900,342,2023-12-24 15:53:35,True,20,3
1897,342,2023-12-22 23:27:11,True,-28,-5
1894,342,2023-12-22 23:11:49,True,112,16
1891,342,2023-12-22 23:05:35,False,1360,201
1882,342,2023-12-21 19:11:03,True,44,9
1879,342,2023-12-21 17:12:38,False,1195,191
1876,342,2023-12-21 14:47:23,True,0,0
1875,342,2023-12-21 14:46:42,True,474,34
1870,342,2023-12-21 00:09:37,True,0,1
1869,342,2023-12-21 00:05:33,True,-86,-13
1868,342,2023-12-20 23:58:59,False,9573,1232
2391,358,2024-02-14 15:16:57,True,5,0
2012,358,2023-12-28 12:06:56,True,28,0
1985,358,2023-12-27 21:16:21,True,3,2
1981,358,2023-12-27 13:43:03,True,3,0
1979,358,2023-12-27 13:41:18,True,605,89
1974,358,2023-12-27 11:18:08,True,0,0
1971,358,2023-12-26 23:06:43,True,15,5
1970,358,2023-12-26 23:04:08,False,151,26
1969,358,2023-12-26 23:02:45,False,1679,209
1982,360,2023-12-27 19:25:19,False,15840,2677
2599,374,2024-05-28 22:25:04,True,32,4
2159,374,2024-01-12 23:33:39,True,-16,-2
2042,374,2023-12-29 00:04:26,True,0,0
2040,374,2023-12-28 22:53:27,True,91,5
2037,374,2023-12-28 22:10:08,True,0,0
2036,374,2023-12-28 22:05:21,True,75,10
2035,374,2023-12-28 21:59:14,False,5174,874
2028,374,2023-12-28 18:08:49,False,6439,1067
3281,381,2025-04-13 19:57:44,True,399,60
2055,381,2023-12-31 01:26:43,False,10843,1768
2608,400,2024-06-08 22:41:48,True,-7,-1
2524,400,2024-04-12 22:21:43,True,22,0
2258,400,2024-01-23 00:30:37,False,2576,364
2153,400,2024-01-09 17:13:01,True,907,143
2130,400,2024-01-08 21:03:24,False,1029,140
2129,400,2024-01-08 19:39:06,True,3052,214
2105,400,2024-01-07 22:53:48,False,3819,616
3159,413,2024-12-07 01:23:18,True,79,-6
2386,413,2024-02-12 19:50:04,True,7,1
2172,413,2024-01-15 00:16:22,True,-72,-10
2171,413,2024-01-15 00:15:34,True,62,10
2170,413,2024-01-15 00:11:48,True,75,5
2169,413,2024-01-15 00:07:27,False,2540,356
3396,428,2025-05-18 21:41:31,True,-7,-1
3213,428,2025-02-02 01:33:41,True,67,5
3210,428,2025-02-02 00:01:16,True,-6,-2
2885,428,2024-07-11 23:41:41,True,0,0
2884,428,2024-07-11 23:41:10,True,2,1
2558,428,2024-05-07 20:17:14,True,0,0
2557,428,2024-05-07 20:15:07,True,926,25
2555,428,2024-05-07 15:32:03,True,1697,282
2309,428,2024-02-01 01:25:52,False,153,12
2305,428,2024-02-01 00:55:47,True,0,0
2304,428,2024-02-01 00:48:38,True,0,0
2303,428,2024-02-01 00:48:11,False,5757,680
3211,429,2025-02-02 01:32:45,True,67,5
2968,429,2024-08-04 01:14:17,True,2,0
2965,429,2024-08-04 01:06:57,True,22,3
2886,429,2024-07-11 23:42:02,True,1,0
2883,429,2024-07-11 23:40:10,True,14,7
2637,429,2024-06-23 23:13:13,True,0,0
2636,429,2024-06-23 23:11:42,False,3611,511
2630,429,2024-06-23 00:00:19,False,4029,394
2311,429,2024-02-01 01:56:49,False,6240,741
3131,430,2024-11-20 22:56:59,True,22,3
3091,430,2024-10-15 13:09:23,True,11,3
3089,430,2024-10-14 16:25:33,False,3306,514
3061,430,2024-09-23 00:00:39,True,113,20
3060,430,2024-09-22 23:58:42,True,420,69
2984,430,2024-08-11 16:57:44,True,864,145
2624,430,2024-06-21 23:02:45,True,204,35
2609,430,2024-06-09 19:52:52,True,1931,314
2452,430,2024-03-17 18:05:25,False,1639,248
2451,430,2024-03-17 13:48:09,False,1755,239
2430,430,2024-02-22 23:27:45,True,-2,0
2400,430,2024-02-16 23:56:50,True,17,0
2398,430,2024-02-16 23:46:27,True,373,35
2390,430,2024-02-14 00:14:06,False,1866,316
2389,430,2024-02-13 21:45:48,True,428,-84
2388,430,2024-02-13 21:33:28,True,1844,366
2349,430,2024-02-05 00:15:03,True,1043,177
2348,430,2024-02-04 01:35:51,False,1740,295
2346,430,2024-02-04 00:51:29,True,554,100
2338,430,2024-02-03 01:18:29,False,2738,471
2316,430,2024-02-02 00:39:49,True,13,3
2315,430,2024-02-02 00:31:35,False,2596,380
2527,438,2024-04-16 22:03:25,True,88,13
2379,438,2024-02-12 00:20:57,True,0,0
2376,438,2024-02-10 21:30:49,True,227,32
2375,438,2024-02-10 21:28:11,True,107,18
2358,438,2024-02-07 21:00:42,True,328,20
2357,438,2024-02-07 20:59:36,False,3783,498
3036,441,2024-09-09 22:33:57,False,4,0
2530,441,2024-04-21 19:21:27,True,22,0
2397,441,2024-02-16 15:01:48,True,594,88
2396,441,2024-02-16 12:05:11,False,1059,162
2385,441,2024-02-12 15:01:38,False,1619,253
2384,441,2024-02-12 14:44:53,True,2217,329
2383,441,2024-02-12 13:39:29,True,542,85
2372,441,2024-02-10 01:44:42,False,6526,748
3276,443,2025-04-13 00:05:32,False,1588,241
3018,443,2024-09-01 16:53:15,False,613,92
2625,443,2024-06-21 23:22:33,False,1860,286
2517,443,2024-04-11 18:51:12,True,43,0
2512,443,2024-04-10 14:25:58,True,28,3
2417,443,2024-02-19 19:59:50,True,163,21
2411,443,2024-02-18 20:07:41,True,740,108
2409,443,2024-02-18 19:28:09,False,2325,350
2393,443,2024-02-14 15:38:23,False,9941,1507
2605,445,2024-06-04 21:24:30,True,11,2
2418,445,2024-02-19 23:18:34,True,0,-1
2407,445,2024-02-18 01:17:44,True,101,11
2403,445,2024-02-17 23:40:24,False,3972,612
2967,450,2024-08-04 01:10:46,False,391,64
2962,450,2024-07-29 09:35:01,True,-75,-9
2898,450,2024-07-16 10:35:02,True,227,32
2640,450,2024-06-23 23:25:15,True,163,27
2639,450,2024-06-23 23:24:09,True,297,38
2553,450,2024-05-05 23:28:04,True,-100,-13
2531,450,2024-04-21 19:26:17,True,31,5
2503,450,2024-04-08 11:34:51,True,63,0
2499,450,2024-04-07 22:22:16,True,-411,-70
2498,450,2024-04-07 16:32:27,False,442,37
2497,450,2024-04-07 14:49:57,True,101,14
2496,450,2024-04-07 00:50:03,False,5018,496
3062,452,2024-09-24 00:38:52,True,698,104
2823,452,2024-06-25 09:15:10,True,0,0
2552,452,2024-04-30 19:32:01,True,1309,191
2547,452,2024-04-26 23:39:22,True,1825,285
2534,452,2024-04-21 21:37:29,False,5231,568
3205,456,2025-01-26 21:59:12,False,599,90
2622,456,2024-06-20 23:27:45,True,469,74
2570,456,2024-05-12 00:16:40,True,42,0
2563,456,2024-05-07 22:38:32,True,1,0
2562,456,2024-05-07 22:36:23,True,2586,364
2559,456,2024-05-07 20:32:16,False,1064,133
3192,457,2024-12-31 23:39:51,True,3,0
3191,457,2024-12-31 23:26:35,True,3,0
3180,457,2024-12-26 14:10:33,True,57,8
3171,457,2024-12-14 21:00:26,True,1897,308
3167,457,2024-12-08 23:52:49,True,9,0
3164,457,2024-12-08 21:46:32,True,308,51
2595,457,2024-05-26 22:01:14,True,-16,-2
2575,457,2024-05-19 00:16:23,False,9442,1570
2905,458,2024-07-20 01:39:40,True,399,65
2586,458,2024-05-23 23:02:54,False,1403,202
3247,461,2025-03-22 01:56:41,False,328,59
3143,461,2024-11-26 00:34:14,True,0,0
2960,461,2024-07-29 09:19:41,True,183,32
2840,461,2024-06-25 21:50:47,True,225,48
2621,461,2024-06-20 23:10:59,True,89,2
2620,461,2024-06-20 22:22:01,False,5786,1016
2987,555,2024-08-18 17:36:47,True,41,0
2961,555,2024-07-29 09:27:31,True,45,2
2891,555,2024-07-13 10:31:50,False,13873,2241
3246,563,2025-03-22 01:49:35,False,-3,-1
3163,563,2024-12-08 00:56:29,True,65,12
3162,563,2024-12-08 00:37:12,True,1,0
3161,563,2024-12-08 00:36:51,True,877,150
3160,563,2024-12-08 00:26:58,False,1226,215
3158,563,2024-12-07 00:52:44,True,147,20
3072,563,2024-10-08 11:50:22,False,147,23
3001,563,2024-08-25 22:26:29,True,0,0
3000,563,2024-08-25 22:24:17,True,56,7
2999,563,2024-08-25 22:21:57,True,225,-4
2998,563,2024-08-25 22:16:08,True,187,30
2997,563,2024-08-25 22:03:11,False,8732,1411
3009,564,2024-08-29 20:17:00,True,222,33
3002,564,2024-08-25 23:37:31,False,3495,491
3278,567,2025-04-13 00:14:42,True,427,60
3273,567,2025-04-12 23:21:19,True,1479,219
3085,567,2024-10-11 15:09:13,True,177,24
3058,567,2024-09-19 18:35:59,True,69,11
3057,567,2024-09-19 18:35:11,True,368,49
3035,567,2024-09-09 22:18:30,True,230,22
3031,567,2024-09-06 20:58:15,False,1372,220
3030,567,2024-09-05 00:56:02,True,0,0
3029,567,2024-09-05 00:55:32,False,6904,826
3304,570,2025-05-06 11:41:26,True,14,0
3201,570,2025-01-20 20:56:08,True,3,0
3074,570,2024-10-08 14:04:46,False,6237,781
3132,579,2024-11-21 22:35:48,False,8279,892
3245,580,2025-03-22 01:44:24,False,302,48
3138,580,2024-11-22 00:20:33,False,8037,1314
3227,583,2025-03-06 23:03:43,True,20,3
3226,583,2025-03-06 22:58:28,True,15,1
3225,583,2025-03-06 22:04:18,False,1259,223
3224,583,2025-03-06 21:28:40,True,-3,0
3204,583,2025-01-25 21:53:48,True,896,146
3203,583,2025-01-25 21:33:06,True,1,0
3202,583,2025-01-25 21:25:53,True,108,8
3200,583,2025-01-20 18:03:45,True,1853,306
3193,583,2024-12-31 23:42:09,True,76,0
3190,583,2024-12-30 23:45:50,True,188,33
3189,583,2024-12-30 23:43:33,True,778,137
3188,583,2024-12-30 23:20:33,True,11,2
3187,583,2024-12-29 02:24:13,False,2731,452
3186,583,2024-12-29 02:04:33,False,6473,1057
3184,583,2024-12-29 01:06:09,False,7252,1179
3183,583,2024-12-27 02:19:19,True,59,0
3182,583,2024-12-27 02:18:44,True,213,41
3181,583,2024-12-27 02:15:04,False,14282,2347
3258,584,2025-04-09 00:30:44,True,2309,399
3244,584,2025-03-18 22:23:08,True,-5,-1
3243,584,2025-03-18 22:19:23,True,283,43
3242,584,2025-03-18 21:47:49,True,1,0
3241,584,2025-03-18 21:41:40,True,-1,0
3240,584,2025-03-18 21:40:33,True,1523,260
3222,584,2025-03-03 00:57:40,False,7456,1279
3395,380,2025-05-16 21:55:12,True,1,0
3394,380,2025-05-16 21:54:12,True,-1,2
3393,380,2025-05-16 21:52:10,True,23,4
3392,380,2025-05-16 21:50:00,True,25,4
3391,380,2025-05-16 21:48:59,True,24,4
3390,380,2025-05-16 21:47:41,True,27,4
3389,380,2025-05-16 21:46:19,True,26,4
3388,380,2025-05-16 21:44:42,True,5,1
3387,380,2025-05-16 21:42:57,True,27,4
3386,380,2025-05-16 20:09:16,True,1,0
3385,380,2025-05-16 20:09:02,True,1,0
3303,380,2025-04-30 17:53:45,False,7211,1108
3300,380,2025-04-23 00:45:26,True,16,2
3299,380,2025-04-23 00:44:36,True,221,34
3297,380,2025-04-20 22:47:08,True,1939,277
3296,380,2025-04-20 21:45:33,True,-6,0
3295,380,2025-04-20 21:39:11,True,4,0
3294,380,2025-04-20 21:38:25,True,6,0
3293,380,2025-04-20 21:36:46,True,9,0
3292,380,2025-04-20 21:36:03,False,27361,4320
3291,380,2025-04-20 21:34:58,True,-1474,-248
3290,380,2025-04-20 21:22:20,True,14334,2285
3289,380,2025-04-18 23:21:07,True,105,13
3288,380,2025-04-18 21:10:26,True,1,-1
3287,380,2025-04-18 21:03:10,True,-7,0
3286,380,2025-04-17 22:09:45,True,267,42
3285,380,2025-04-17 22:07:08,True,0,0
3283,380,2025-04-15 21:54:21,True,5358,828
3282,380,2025-04-13 23:38:31,True,-45,-5
3270,380,2025-04-11 15:37:13,True,12,3
3269,380,2025-04-11 15:36:28,False,10734,1733
3255,380,2025-04-05 22:01:37,True,19,3
3254,380,2025-04-05 21:07:20,True,3,0
3253,380,2025-04-03 22:26:22,False,17670,2894
3252,380,2025-03-30 00:05:48,True,2044,240
3251,380,2025-03-28 21:14:00,True,30,5
3250,380,2025-03-28 21:02:38,False,11624,1698
3249,380,2025-03-25 21:57:37,True,829,123
3239,380,2025-03-17 20:12:37,True,-209,-44
3238,380,2025-03-17 20:10:38,True,-104,-22
3237,380,2025-03-17 20:08:46,True,4105,639
3236,380,2025-03-17 20:00:17,False,6112,920
3235,380,2025-03-17 16:56:56,True,-6,-10
3234,380,2025-03-17 16:55:03,True,1317,170
3229,380,2025-03-06 23:36:25,True,324,61
3228,380,2025-03-06 23:23:17,False,32621,3135
3223,380,2025-03-05 17:54:25,True,2,0
3216,380,2025-02-15 00:24:32,False,34270,5334
3215,380,2025-02-14 21:54:02,True,6097,998
3199,380,2025-01-20 01:37:17,True,7901,1185
3197,380,2025-01-09 21:27:48,False,74890,11450
3150,380,2024-11-27 21:24:24,True,-56,-7
3149,380,2024-11-27 21:19:20,True,-31,-9
3148,380,2024-11-27 19:12:00,False,-2780,-424
3111,380,2024-10-25 22:49:24,False,89084,13869
3075,380,2024-10-08 14:25:31,False,38791,6063
3010,380,2024-08-29 20:17:11,True,21270,3442
2969,380,2024-08-04 01:15:59,False,43977,6912
2900,380,2024-07-19 23:54:52,True,-791,-122
2899,380,2024-07-19 23:53:00,False,14621,2329
2888,380,2024-07-12 00:51:36,False,7335,1125
2881,380,2024-07-10 10:38:29,True,59,17
2880,380,2024-07-10 10:30:31,True,7,1
2879,380,2024-07-10 09:56:24,True,-7,-2
2878,380,2024-07-10 09:52:16,True,0,0
2858,380,2024-07-01 22:57:23,False,20143,3217
2611,380,2024-06-13 00:10:42,False,23351,3718
2603,380,2024-05-31 22:51:24,False,12951,2073
2584,380,2024-05-23 22:21:52,False,23495,3622
2582,380,2024-05-23 21:47:57,False,3866,607
2581,380,2024-05-23 21:45:08,False,3935,622
2577,380,2024-05-21 21:22:24,True,-3,-3
2573,380,2024-05-12 21:23:09,True,3,1
2572,380,2024-05-12 19:02:08,True,-11,0
2550,380,2024-04-27 14:53:14,False,30539,4925
2487,380,2024-04-05 15:34:08,False,6625,1020
2460,380,2024-03-28 12:49:35,False,10167,1638
2459,380,2024-03-28 12:29:44,False,13073,2018
2458,380,2024-03-28 02:17:31,True,89,22
2457,380,2024-03-28 02:16:56,True,73,18
2456,380,2024-03-28 02:15:33,True,32971,5335
2447,380,2024-03-13 21:38:23,True,70,10
2446,380,2024-03-13 21:28:44,True,9,-1
2438,380,2024-03-05 00:11:00,False,27539,4475
2406,380,2024-02-17 23:47:15,True,0,0
2405,380,2024-02-17 23:45:51,True,4007,633
2392,380,2024-02-14 15:28:18,False,44567,7150
2293,380,2024-01-29 02:31:32,True,44,4
2292,380,2024-01-29 02:29:35,False,27454,4244
2212,380,2024-01-21 00:46:36,False,26070,4016
2162,380,2024-01-13 01:04:23,True,-41,0
2161,380,2024-01-13 00:59:58,True,-4,-2
2160,380,2024-01-13 00:59:15,False,26226,4155
2155,380,2024-01-09 19:15:42,False,14727,2404
2104,380,2024-01-07 22:47:09,False,31167,4973
2099,380,2024-01-05 23:16:21,False,5287,848
2098,380,2024-01-05 00:38:59,False,8271,1344
2095,380,2024-01-03 23:30:18,True,115,0
2094,380,2024-01-03 23:29:10,True,33,4
2093,380,2024-01-03 23:08:25,True,25,4
3272,123,2025-04-11 23:14:26,True,7,1
3271,123,2025-04-11 23:10:32,True,463,75
3266,123,2025-04-10 23:04:50,True,-2741,-435
3265,123,2025-04-10 23:01:47,True,-4008,-640
3230,123,2025-03-06 23:36:33,False,2755,404
3221,123,2025-02-26 23:05:56,True,82,16
3220,123,2025-02-26 23:05:00,True,146,25
3209,123,2025-01-31 21:33:45,True,22,1
3196,123,2025-01-09 20:51:35,True,130,20
3179,123,2024-12-24 14:57:51,True,177,28
3178,123,2024-12-23 20:16:38,True,323,54
3177,123,2024-12-20 00:42:02,True,110,14
3175,123,2024-12-15 18:27:22,True,350,59
3174,123,2024-12-15 18:21:50,True,176,31
3168,123,2024-12-10 21:42:37,True,124,16
3155,123,2024-12-03 21:42:22,True,113,15
3147,123,2024-11-27 19:02:27,True,39,5
3146,123,2024-11-26 19:53:40,True,103,17
3145,123,2024-11-26 19:47:42,True,3,0
3144,123,2024-11-26 19:47:06,False,2912,469
3135,123,2024-11-21 23:04:59,True,18,0
3130,123,2024-11-17 22:34:51,True,141,20
3129,123,2024-11-17 22:26:47,False,130,18
3128,123,2024-11-17 20:41:14,True,182,31
3125,123,2024-11-14 11:44:39,False,151,31
3123,123,2024-11-10 18:53:47,False,149,20
3121,123,2024-11-09 21:39:44,True,104,16
3120,123,2024-11-06 22:23:57,True,551,95
3118,123,2024-11-02 22:12:26,True,561,88
3113,123,2024-10-28 20:37:59,True,83,15
3112,123,2024-10-25 22:57:43,False,-7929,-1167
3080,123,2024-10-09 23:15:11,False,1778,283
3078,123,2024-10-09 20:31:47,True,70,12
3073,123,2024-10-08 13:27:09,False,5090,809
3070,123,2024-09-30 22:47:23,False,107,16
2992,123,2024-08-23 16:58:15,True,0,0
2991,123,2024-08-21 11:07:36,True,180,15
2990,123,2024-08-21 11:05:03,True,55,2
2954,123,2024-07-28 19:28:16,True,17,2
2861,123,2024-07-03 20:16:30,True,7,1
2859,123,2024-07-03 20:01:44,True,98,5
2857,123,2024-07-01 22:27:16,False,2895,401
2845,123,2024-06-28 20:42:12,True,7,1
2635,123,2024-06-23 23:07:39,True,96,13
2629,123,2024-06-22 23:56:02,True,86,12
2618,123,2024-06-18 23:32:15,False,5760,1022
2583,123,2024-05-23 22:10:27,False,1447,223
2576,123,2024-05-21 21:20:11,True,988,153
2574,123,2024-05-16 21:59:40,True,2119,352
2569,123,2024-05-11 22:02:57,True,1633,266
2567,123,2024-05-10 18:44:30,True,9,0
2566,123,2024-05-10 12:45:47,True,-8,0
2549,123,2024-04-27 14:22:52,True,356,51
2544,123,2024-04-26 00:05:19,True,2265,359
2529,123,2024-04-20 19:20:26,True,4,0
2528,123,2024-04-20 19:13:36,True,62,4
2520,123,2024-04-12 20:23:05,True,15,1
2519,123,2024-04-12 20:15:17,True,367,36
2516,123,2024-04-11 18:49:37,True,29,4
2491,123,2024-04-06 14:09:33,True,5,1
2486,123,2024-04-05 15:31:34,False,2143,359
2485,123,2024-04-05 14:56:03,False,1014,5
2478,123,2024-03-31 22:19:47,True,0,0
2477,123,2024-03-31 22:18:32,True,4002,652
2449,123,2024-03-13 22:00:09,False,2197,352
2448,123,2024-03-13 21:54:42,True,3452,525
2436,123,2024-02-29 21:56:33,True,49,10
2434,123,2024-02-25 02:16:12,True,-9,1
2433,123,2024-02-25 01:36:35,False,9517,1495
2401,123,2024-02-17 17:24:15,True,31,4
2377,123,2024-02-11 02:53:51,True,2741,435
2300,123,2024-02-01 00:29:06,True,407,46
2285,123,2024-01-28 20:10:48,True,524,79
2270,123,2024-01-25 15:10:11,False,486,79
2269,123,2024-01-24 18:34:58,True,3,1
2268,123,2024-01-24 15:02:21,True,175,24
2244,123,2024-01-22 16:34:40,True,88,13
2211,123,2024-01-21 00:37:35,True,3484,595
2103,123,2024-01-07 19:45:14,True,131,18
2091,123,2024-01-03 22:43:03,False,3793,586
2087,123,2024-01-03 19:17:28,True,350,38
2076,123,2024-01-01 14:59:17,True,58,11
2075,123,2024-01-01 14:54:00,True,25,3
2072,123,2023-12-31 22:08:07,True,837,112
1980,123,2023-12-27 13:42:35,True,344,56
1907,123,2023-12-24 17:25:25,True,25,3
1905,123,2023-12-24 17:22:39,False,-38,-33
1903,123,2023-12-24 16:47:30,True,228,40
1855,123,2023-12-14 01:03:49,True,574,88
1854,123,2023-12-14 00:49:43,True,1404,217
1853,123,2023-12-14 00:26:59,True,6,1
1828,123,2023-11-29 12:37:45,True,11,1
1827,123,2023-11-29 12:37:12,True,9,1
1821,123,2023-11-25 21:56:28,True,-132,-14
1820,123,2023-11-25 21:49:25,True,1149,177
1799,123,2023-11-22 00:51:08,True,227,17
1793,123,2023-11-21 23:13:45,True,-20059,-3120
1779,123,2023-11-21 22:14:01,True,1170,178
1778,123,2023-11-21 11:54:20,True,83,11
1777,123,2023-11-21 11:52:01,True,10,0
